AVERAGE_LENGTH,member_casual
11730256.208174424,casual
20571415.383671481,member